wsi_series,wsi_issuer,wsi_issue_number,wsi_local,wmo_block_number,wmo_station_number,latitude,longitude,station_height_above_msl,temperature_siting_classification,precipitation_siting_classification,averaging_method,utc_offset,attribution_year,attribution_month,attribution_day,year_total_snow_depth,month_total_snow_depth,day_total_snow_depth,hour_total_snow_depth,minute_total_snow_depth,total_snow_depth,total_snow_depth_quality,year_precip_accumulation_start,month_precip_accumulation_start,day_precip_accumulation_start,hour_precip_accumulation_start,minute_precip_accumulation_start,year_precip_accumulation_end,month_precip_accumulation_end,day_precip_accumulation_end,hour_precip_accumulation_end,minute_precip_accumulation_end,total_acc_precip,total_acc_precip_quality,year_depth_of_fresh_snow_start,month_depth_of_fresh_snow_start,day_depth_of_fresh_snow_start,hour_depth_of_fresh_snow_start,minute_depth_of_fresh_snow_start,year_depth_of_fresh_snow_end,month_depth_of_fresh_snow_end,day_depth_of_fresh_snow_end,hour_depth_of_fresh_snow_end,minute_depth_of_fresh_snow_end,depth_of_fresh_snow,depth_of_fresh_snow_quality,thermometer_height,year_tmax_start,month_tmax_start,day_tmax_start,hour_tmax_start,minute_tmax_start,year_tmax_end,month_tmax_end,day_tmax_end,hour_tmax_end,minute_tmax_end,air_temperature_maximum,air_temperature_maximum_quality,year_tmin_start,month_tmin_start,day_tmin_start,hour_tmin_start,minute_tmin_start,year_tmin_end,month_tmin_end,day_tmin_end,hour_tmin_end,minute_tmin_end,air_temperature_minimum,air_temperature_minimum_quality,year_tave_start,month_tave_start,day_tave_start,hour_tave_start,minute_tave_start,year_tave_end,month_tave_end,day_tave_end,hour_tave_end,minute_tave_end,air_temperature_average,air_temperature_average_quality
0,20000,0,72565,72,565,39.83,-104.663,1650,255,255,2,-420,2021,11,1,2021,11,1,12,0,0,0,2021,10,31,7,1,2021,11,1,7,0,0,0,2021,10,31,7,1,2021,11,1,7,0,0,0,2,2021,10,31,7,1,2021,11,1,7,0,278.15,0,2021,10,31,7,1,2021,11,1,7,0,273.75,0,2021,11,1,0,1,2021,11,2,0,0,276.25,0
0,20000,0,72565,72,565,39.83,-104.663,1650,255,255,2,-420,2021,11,2,2021,11,2,12,0,0,0,2021,11,1,7,1,2021,11,2,7,0,1.5,0,2021,11,1,7,1,2021,11,2,7,0,0,0,2,2021,11,1,7,1,2021,11,2,7,0,279.25,0,2021,11,1,7,1,2021,11,2,7,0,273.75,0,2021,11,2,0,1,2021,11,3,0,0,275.75,0
0,20000,0,72565,72,565,39.83,-104.663,1650,255,255,2,-420,2021,11,3,2021,11,3,12,0,0,0,2021,11,2,7,1,2021,11,3,7,0,0,0,2021,11,2,7,1,2021,11,3,7,0,0,0,2,2021,11,2,7,1,2021,11,3,7,0,288.75,0,2021,11,2,7,1,2021,11,3,7,0,274.25,0,2021,11,3,0,1,2021,11,4,0,0,280.05,0
0,20000,0,72565,72,565,39.83,-104.663,1650,255,255,2,-420,2021,11,4,2021,11,4,12,0,0,0,2021,11,3,7,1,2021,11,4,7,0,0,0,2021,11,3,7,1,2021,11,4,7,0,0,0,2,2021,11,3,7,1,2021,11,4,7,0,293.75,0,2021,11,3,7,1,2021,11,4,7,0,274.85,0,2021,11,4,0,1,2021,11,5,0,0,281.75,0
0,20000,0,72565,72,565,39.83,-104.663,1650,255,255,2,-420,2021,11,5,2021,11,5,12,0,0,0,2021,11,4,7,1,2021,11,5,7,0,0,0,2021,11,4,7,1,2021,11,5,7,0,0,0,2,2021,11,4,7,1,2021,11,5,7,0,296.45,0,2021,11,4,7,1,2021,11,5,7,0,279.85,0,2021,11,5,0,1,2021,11,6,0,0,287.25,0
0,20000,0,72565,72,565,39.83,-104.663,1650,255,255,2,-420,2021,11,6,2021,11,6,12,0,0,0,2021,11,5,7,1,2021,11,6,7,0,0,0,2021,11,5,7,1,2021,11,6,7,0,0,0,2,2021,11,5,7,1,2021,11,6,7,0,299.85,0,2021,11,5,7,1,2021,11,6,7,0,277.55,0,2021,11,6,0,1,2021,11,7,0,0,286.95,0
0,20000,0,72565,72,565,39.83,-104.663,1650,255,255,2,-420,2021,11,7,2021,11,7,12,0,0,0,2021,11,6,7,1,2021,11,7,7,0,0,0,2021,11,6,7,1,2021,11,7,7,0,0,0,2,2021,11,6,7,1,2021,11,7,7,0,298.15,0,2021,11,6,7,1,2021,11,7,7,0,280.95,0,2021,11,7,0,1,2021,11,8,0,0,287.5,0
0,20000,0,72565,72,565,39.83,-104.663,1650,255,255,2,-420,2021,11,8,2021,11,8,12,0,0,0,2021,11,7,7,1,2021,11,8,7,0,0,0,2021,11,7,7,1,2021,11,8,7,0,0,0,2,2021,11,7,7,1,2021,11,8,7,0,283.75,0,2021,11,7,7,1,2021,11,8,7,0,271.55,0,2021,11,8,0,1,2021,11,9,0,0,281.05,0
0,20000,0,72565,72,565,39.83,-104.663,1650,255,255,2,-420,2021,11,9,2021,11,9,12,0,0,0,2021,11,8,7,1,2021,11,9,7,0,0,0,2021,11,8,7,1,2021,11,9,7,0,0,0,2,2021,11,8,7,1,2021,11,9,7,0,287.05,0,2021,11,8,7,1,2021,11,9,7,0,272.15,0,2021,11,9,0,1,2021,11,10,0,0,278.05,0
0,20000,0,72565,72,565,39.83,-104.663,1650,255,255,2,-420,2021,11,10,2021,11,10,12,0,0,0,2021,11,9,7,1,2021,11,10,7,0,0,0,2021,11,9,7,1,2021,11,10,7,0,0,0,2,2021,11,9,7,1,2021,11,10,7,0,287.55,0,2021,11,9,7,1,2021,11,10,7,0,273.75,0,2021,11,10,0,1,2021,11,11,0,0,281.55,0
0,20000,0,72565,72,565,39.83,-104.663,1650,255,255,2,-420,2021,11,11,2021,11,11,12,0,0,0,2021,11,10,7,1,2021,11,11,7,0,0,0,2021,11,10,7,1,2021,11,11,7,0,0,0,2,2021,11,10,7,1,2021,11,11,7,0,286.45,0,2021,11,10,7,1,2021,11,11,7,0,268.85,0,2021,11,11,0,1,2021,11,12,0,0,277.85,0
0,20000,0,72565,72,565,39.83,-104.663,1650,255,255,2,-420,2021,11,12,2021,11,12,12,0,0,0,2021,11,11,7,1,2021,11,12,7,0,0,0,2021,11,11,7,1,2021,11,12,7,0,0,0,2,2021,11,11,7,1,2021,11,12,7,0,285.35,0,2021,11,11,7,1,2021,11,12,7,0,266.55,0,2021,11,12,0,1,2021,11,13,0,0,276.55,0
0,20000,0,72565,72,565,39.83,-104.663,1650,255,255,2,-420,2021,11,13,2021,11,13,12,0,0,0,2021,11,12,7,1,2021,11,13,7,0,0,0,2021,11,12,7,1,2021,11,13,7,0,0,0,2,2021,11,12,7,1,2021,11,13,7,0,292.55,0,2021,11,12,7,1,2021,11,13,7,0,274.25,0,2021,11,13,0,1,2021,11,14,0,0,284.05,0
0,20000,0,72565,72,565,39.83,-104.663,1650,255,255,2,-420,2021,11,14,2021,11,14,12,0,0,0,2021,11,13,7,1,2021,11,14,7,0,0,0,2021,11,13,7,1,2021,11,14,7,0,0,0,2,2021,11,13,7,1,2021,11,14,7,0,293.15,0,2021,11,13,7,1,2021,11,14,7,0,268.85,0,2021,11,14,0,1,2021,11,15,0,0,281.25,0
0,20000,0,72565,72,565,39.83,-104.663,1650,255,255,2,-420,2021,11,15,2021,11,15,12,0,0,0,2021,11,14,7,1,2021,11,15,7,0,0,0,2021,11,14,7,1,2021,11,15,7,0,0,0,2,2021,11,14,7,1,2021,11,15,7,0,296.45,0,2021,11,14,7,1,2021,11,15,7,0,280.95,0,2021,11,15,0,1,2021,11,16,0,0,290.25,0
0,20000,0,72565,72,565,39.83,-104.663,1650,255,255,2,-420,2021,11,16,2021,11,16,12,0,0,0,2021,11,15,7,1,2021,11,16,7,0,0,0,2021,11,15,7,1,2021,11,16,7,0,0,0,2,2021,11,15,7,1,2021,11,16,7,0,294.85,0,2021,11,15,7,1,2021,11,16,7,0,274.85,0,2021,11,16,0,1,2021,11,17,0,0,288.55,0
0,20000,0,72565,72,565,39.83,-104.663,1650,255,255,2,-420,2021,11,17,2021,11,17,12,0,0,0,2021,11,16,7,1,2021,11,17,7,0,0,0,2021,11,16,7,1,2021,11,17,7,0,0,0,2,2021,11,16,7,1,2021,11,17,7,0,275.95,0,2021,11,16,7,1,2021,11,17,7,0,266.05,0,2021,11,17,0,1,2021,11,18,0,0,276.25,0
0,20000,0,72565,72,565,39.83,-104.663,1650,255,255,2,-420,2021,11,18,2021,11,18,12,0,0,0,2021,11,17,7,1,2021,11,18,7,0,0,0,2021,11,17,7,1,2021,11,18,7,0,0,0,2,2021,11,17,7,1,2021,11,18,7,0,287.55,0,2021,11,17,7,1,2021,11,18,7,0,262.15,0,2021,11,18,0,1,2021,11,19,0,0,271.75,0
0,20000,0,72565,72,565,39.83,-104.663,1650,255,255,2,-420,2021,11,19,2021,11,19,12,0,0,0,2021,11,18,7,1,2021,11,19,7,0,0,0,2021,11,18,7,1,2021,11,19,7,0,0,0,2,2021,11,18,7,1,2021,11,19,7,0,292.05,0,2021,11,18,7,1,2021,11,19,7,0,275.35,0,2021,11,19,0,1,2021,11,20,0,0,280.05,0
0,20000,0,72565,72,565,39.83,-104.663,1650,255,255,2,-420,2021,11,20,2021,11,20,12,0,0,0,2021,11,19,7,1,2021,11,20,7,0,0,0,2021,11,19,7,1,2021,11,20,7,0,0,0,2,2021,11,19,7,1,2021,11,20,7,0,283.75,0,2021,11,19,7,1,2021,11,20,7,0,274.85,0,2021,11,20,0,1,2021,11,21,0,0,281.45,0
0,20000,0,72565,72,565,39.83,-104.663,1650,255,255,2,-420,2021,11,21,2021,11,21,12,0,0,0,2021,11,20,7,1,2021,11,21,7,0,0,0,2021,11,20,7,1,2021,11,21,7,0,0,0,2,2021,11,20,7,1,2021,11,21,7,0,285.95,0,2021,11,20,7,1,2021,11,21,7,0,269.35,0,2021,11,21,0,1,2021,11,22,0,0,277.65,0
0,20000,0,72565,72,565,39.83,-104.663,1650,255,255,2,-420,2021,11,22,2021,11,22,12,0,0,0,2021,11,21,7,1,2021,11,22,7,0,0,0,2021,11,21,7,1,2021,11,22,7,0,0,0,2,2021,11,21,7,1,2021,11,22,7,0,293.15,0,2021,11,21,7,1,2021,11,22,7,0,272.65,0,2021,11,22,0,1,2021,11,23,0,0,281.95,0
0,20000,0,72565,72,565,39.83,-104.663,1650,255,255,2,-420,2021,11,23,2021,11,23,12,0,0,0,2021,11,22,7,1,2021,11,23,7,0,0,0,2021,11,22,7,1,2021,11,23,7,0,0,0,2,2021,11,22,7,1,2021,11,23,7,0,294.85,0,2021,11,22,7,1,2021,11,23,7,0,274.25,0,2021,11,23,0,1,2021,11,24,0,0,283.95,0
0,20000,0,72565,72,565,39.83,-104.663,1650,255,255,2,-420,2021,11,24,2021,11,24,12,0,0,0,2021,11,23,7,1,2021,11,24,7,0,0,0,2021,11,23,7,1,2021,11,24,7,0,0,0,2,2021,11,23,7,1,2021,11,24,7,0,285.95,0,2021,11,23,7,1,2021,11,24,7,0,264.95,0,2021,11,24,0,1,2021,11,25,0,0,281.05,0
0,20000,0,72565,72,565,39.83,-104.663,1650,255,255,2,-420,2021,11,25,2021,11,25,12,0,0,0,2021,11,24,7,1,2021,11,25,7,0,0,0,2021,11,24,7,1,2021,11,25,7,0,0,0,2,2021,11,24,7,1,2021,11,25,7,0,288.15,0,2021,11,24,7,1,2021,11,25,7,0,264.35,0,2021,11,25,0,1,2021,11,26,0,0,273.75,0
0,20000,0,72565,72,565,39.83,-104.663,1650,255,255,2,-420,2021,11,26,2021,11,26,12,0,0,0,2021,11,25,7,1,2021,11,26,7,0,0,0,2021,11,25,7,1,2021,11,26,7,0,0,0,2,2021,11,25,7,1,2021,11,26,7,0,293.15,0,2021,11,25,7,1,2021,11,26,7,0,278.15,0,2021,11,26,0,1,2021,11,27,0,0,283.15,0
0,20000,0,72565,72,565,39.83,-104.663,1650,255,255,2,-420,2021,11,27,2021,11,27,12,0,0,0,2021,11,26,7,1,2021,11,27,7,0,0,0,2021,11,26,7,1,2021,11,27,7,0,0,0,2,2021,11,26,7,1,2021,11,27,7,0,285.35,0,2021,11,26,7,1,2021,11,27,7,0,271.05,0,2021,11,27,0,1,2021,11,28,0,0,281.85,0
0,20000,0,72565,72,565,39.83,-104.663,1650,255,255,2,-420,2021,11,28,2021,11,28,12,0,0,0,2021,11,27,7,1,2021,11,28,7,0,0,0,2021,11,27,7,1,2021,11,28,7,0,0,0,2,2021,11,27,7,1,2021,11,28,7,0,292.55,0,2021,11,27,7,1,2021,11,28,7,0,271.05,0,2021,11,28,0,1,2021,11,29,0,0,278.75,0
0,20000,0,72565,72,565,39.83,-104.663,1650,255,255,2,-420,2021,11,29,2021,11,29,12,0,0,0,2021,11,28,7,1,2021,11,29,7,0,0,0,2021,11,28,7,1,2021,11,29,7,0,0,0,2,2021,11,28,7,1,2021,11,29,7,0,295.35,0,2021,11,28,7,1,2021,11,29,7,0,277.05,0,2021,11,29,0,1,2021,11,30,0,0,286.15,0
0,20000,0,72565,72,565,39.83,-104.663,1650,255,255,2,-420,2021,11,30,2021,11,30,12,0,0,0,2021,11,29,7,1,2021,11,30,7,0,0,0,2021,11,29,7,1,2021,11,30,7,0,0,0,2,2021,11,29,7,1,2021,11,30,7,0,289.25,0,2021,11,29,7,1,2021,11,30,7,0,274.85,0,2021,11,30,0,1,2021,12,1,0,0,281.65,0
